Date,Open,High,Low,Close,Volume (BTC),Volume (Currency),Weighted Price
2018-01-10,14403.51,14700.0,13412.0,14524.85,17783.54956806,250997061.54306,14114.002414561
2018-01-09,14999.99,15367.18,14123.97,14403.51,13913.52469368,204579121.58441,14703.615804652
2018-01-08,16173.98,16300.0,13900.0,14999.99,16676.34994239,251877784.14267,15103.891739667
2018-01-07,17142.43,17149.97,15707.16,16124.02,8632.81384337,141555094.16036,16397.329622609
2018-01-06,16927.99,17234.99,16220.0,17149.67,9501.01675546,158389594.51445,16670.804671871
2018-01-05,15143.67,17200.0,14810.0,16928.0,16248.91467956,259695892.85336,15982.353158642
2018-01-04,15155.62,15430.27,14192.37,15143.67,15004.01859256,222160244.4909,14806.716155435
2018-01-03,14670.96,15500.0,14546.28,15155.62,12275.00119668,183639413.73724,14960.439579176
2018-01-02,13394.2,15257.53,12910.58,14678.94,16299.66930279,229138844.07688,14057.883004882
2018-01-01,13880.0,13941.75,12801.38,13443.41,7688.0306846,102815718.45172,13373.479200294
2017-12-31,12640.0,14296.06,12491.21,13880.0,11583.41864698,154552644.47156,13342.576072035
2017-12-30,14351.0,14463.28,12050.0,12640.0,21749.67444609,285985550.32365,13148.957747966
2017-12-29,14436.99,15111.0,13998.0,14340.0,13505.70299216,195727638.76896,14492.221462487
2017-12-28,15390.05,15474.19,13500.0,14470.07,16557.21732271,234428578.53875,14158.694300473
2017-12-27,15764.45,16480.52,14484.0,15364.93,15643.75488215,241860985.13003,15460.545562881
2017-12-26,13925.5,16147.87,13746.95,15764.44,15051.16401761,230922569.15497,15342.505661674
2017-12-25,14107.87,14650.0,13210.0,13911.28,11564.54433309,161347357.0787,13951.899221574
2017-12-24,14619.0,14619.1,12488.0,14157.87,18519.48932254,250476423.64496,13525.017849175
2017-12-23,13980.0,15756.22,13496.48,14619.0,21786.4086642,322120599.55537,14785.3923297
2017-12-22,15600.0,15795.61,11159.93,14009.79,57444.88580326,772143020.63877,13441.458013917
2017-12-21,16466.98,17281.17,15005.0,15600.01,20377.86043859,326730689.64543,16033.611115851
2017-12-20,17700.0,17950.0,15343.04,16466.98,31172.2288067,521350550.60848,16724.840364845
2017-12-19,18940.58,19160.79,16831.26,17700.0,21528.13766503,387206242.38184,17986.053805797
2017-12-18,18953.0,19220.0,17835.2,18940.57,14678.94144797,273533539.40283,18634.418590221
2017-12-17,19187.78,19666.0,18465.0,18953.0,9749.24915462,186310530.76467,19110.24406186
2017-12-16,17477.98,19377.0,17269.99,19187.78,9761.22080853,179906034.63695,18430.689989078
2017-12-15,16404.99,17934.0,16337.19,17471.5,18998.38813709,329337014.76427,17334.99770548
2017-12-14,16245.02,16830.45,15852.69,16404.99,13409.52428786,219263192.46054,16351.302831753
2017-12-13,16650.01,17107.03,15497.69,16250.0,17136.7058582,281640493.78952,16434.926065721
2017-12-12,16470.0,17428.42,15967.29,16650.01,13517.89210328,227842348.69952,16854.872561398
2017-12-11,14690.99,17270.0,14677.19,16470.0,16583.72315538,270203844.28469,16293.316148191
2017-12-10,14601.01,15385.0,13011.0,14691.0,18487.98304099,263150668.00414,14233.606090005
2017-12-09,15799.87,15998.5,12701.05,14607.49,16587.47292694,238909072.56332,14402.981913858
2017-12-08,16599.99,16666.66,13482.42,15800.0,25473.39531065,389366035.09339,15285.203654442
2017-12-07,13623.0,16615.62,13085.9,16599.99,25787.67655646,382694044.13063,14840.190945189
2017-12-06,11676.99,13700.0,11659.8,13623.5,19784.87348713,250560790.30234,12664.260424275
2017-12-05,11613.07,11850.0,11384.25,11677.0,11875.0337769,138370076.16,11652.1837967
2017-12-04,11250.0,11613.07,10850.0,11613.07,13621.4819728,154122917.897,11314.6952882
2017-12-03,10875.68,11800.01,10513.16,11250.0,14238.525877,160176290.442,11249.4995497
2017-12-02,10840.45,11200.0,10637.69,10872.0,9267.16105468,101270084.382,10927.8433584
2017-12-01,9927.29,10949.89,9370.11,10840.45,16708.0322485,171881760.618,10287.3730468
2017-11-30,9833.7,10618.29,9000.0,9947.67,25433.4583637,247093850.763,9715.30679115
2017-11-29,9877.63,11395.0,9250.0,9824.68,33432.3399621,346949562.202,10377.6631428
2017-11-28,9708.06,9968.0,9582.25,9868.82,11214.9299311,110496755.848,9852.64790115
2017-11-27,9278.99,9721.7,9267.0,9708.07,13272.4525401,126458117.666,9527.86361707
2017-11-26,8718.0,9366.6,8538.2,9271.06,12021.215487,108525815.449,9027.85708869
2017-11-25,8199.83,8737.0,8114.78,8717.99,11611.6663789,97628924.7872,8407.83067663
2017-11-24,7988.96,8340.0,7876.0,8199.19,9289.98925704,75751868.7454,8154.13954198
2017-11-23,8214.69,8279.76,7980.0,7989.0,7811.79339997,63644740.3949,8147.2636482
2017-11-22,8095.19,8310.89,8045.76,8214.69,8078.58080138,66215711.7122,8196.45347867
2017-11-21,8226.14,8354.46,7770.0,8095.23,13686.5112387,110811263.491,8096.38494125
2017-11-20,8016.58,8269.99,7900.0,8226.17,8179.45772727,66366007.8084,8113.74176887
2017-11-19,7775.55,8087.35,7675.0,8016.58,8307.77750857,65332064.6474,7863.96416851
2017-11-18,7675.0,7858.0,7431.54,7771.03,7326.81014016,56264967.2148,7679.32649249
2017-11-17,7846.96,7997.0,7528.5,7674.99,17714.3678745,138124189.434,7797.29711006
2017-11-16,7294.0,7976.79,7120.85,7846.96,19272.3714767,145738327.486,7562.03395427
2017-11-15,6609.0,7350.0,6609.0,7294.0,16869.897913,119171192.377,7064.13239674
2017-11-14,6524.69,6750.0,6466.88,6609.0,12072.053088,79508390.5354,6586.15315519
2017-11-13,5870.03,6775.75,5846.0,6525.17,27202.281808,173971383.556,6395.4702324
2017-11-12,6355.13,6488.88,5555.55,5870.37,37315.1566398,225565297.532,6044.87071325
2017-11-11,6588.18,6820.0,6218.0,6355.13,14942.7025553,96800268.0907,6478.09643084
2017-11-10,7150.61,7343.18,6429.44,6588.18,26614.2760523,181284361.102,6811.54583147
2017-11-09,7465.06,7490.0,7061.2,7148.0,14799.265772,106985408.523,7229.10245486
2017-11-08,7131.38,7888.0,7080.01,7450.32,24679.7205496,183501327.084,7435.30813953
2017-11-07,6967.64,7244.69,6945.0,7130.28,11634.2652965,82632999.5864,7102.55417772
2017-11-06,7373.3,7421.39,6922.07,6967.68,19323.1287575,138542391.753,7169.77014913
2017-11-05,7388.79,7590.0,7275.16,7372.72,9218.32689776,68631151.8536,7445.07681435
2017-11-04,7145.24,7569.9,6994.0,7388.83,9200.11461844,66730277.4229,7253.20066004
2017-11-03,7030.0,7500.0,6925.22,7146.82,15999.7837968,116037544.147,7252.44450927
2017-11-02,6745.04,7354.1,6700.0,7030.0,26514.6511945,184979262.336,6976.49239202
2017-11-01,6434.24,6756.36,6340.01,6741.59,12967.2221164,84891427.3016,6546.61627137
2017-10-31,6120.0,6449.78,6072.81,6434.21,13423.3085505,84354477.9752,6284.17931822
2017-10-30,6133.01,6229.77,6024.03,6119.99,9574.64365313,58637080.1393,6124.20495881
2017-10-29,5731.7,6316.85,5683.0,6137.37,16086.6256947,96361934.2927,5990.18937357
2017-10-28,5773.03,5875.66,5646.18,5730.69,5926.29737158,33993472.6929,5736.03897366
2017-10-27,5889.99,5994.06,5674.06,5771.89,11911.0419963,69053794.4428,5797.46041232
2017-10-26,5741.35,5988.0,5683.0,5890.0,11788.3025892,69079451.8057,5859.99988404
2017-10-25,5518.49,5748.0,5366.0,5735.88,12349.1067022,68370411.1314,5536.46614125
2017-10-24,5869.82,5870.0,5453.01,5523.4,17286.7237393,97560230.1937,5643.65068043
2017-10-23,5967.38,6045.34,5617.75,5871.17,15331.6350293,89530043.1578,5839.56264198
2017-10-22,6010.85,6071.07,5700.0,5969.0,12232.5233299,71898806.1552,5877.67578414
2017-10-21,5977.26,6180.0,5871.0,6013.46,15357.4237337,92912504.8326,6050.00594134
2017-10-20,5700.0,6074.0,5589.8,5977.29,15109.063651,89014299.8806,5891.4504523
2017-10-19,5572.64,5735.14,5512.06,5698.69,9919.83821694,56087316.5641,5654.05557404
2017-10-18,5591.97,5617.75,5101.36,5582.05,18961.6757967,101657249.579,5361.19542751
2017-10-17,5752.2,5776.31,5506.78,5597.31,9105.28187907,51035573.567,5605.05146846
2017-10-16,5683.92,5807.11,5548.0,5745.72,9066.79974453,51508749.1147,5681.02865024
2017-10-15,5795.01,5830.0,5415.0,5679.7,11542.9458337,64464008.4228,5584.71029421
2017-10-14,5653.58,5817.34,5558.26,5801.29,8410.9362308,47779356.4521,5680.62283925
2017-10-13,5444.0,5846.43,5380.0,5653.6,27827.3802854,155848051.872,5600.52905712
2017-10-12,4822.01,5445.0,4793.66,5445.0,19916.2280199,102559923.235,5149.56562718
2017-10-11,4747.9,4869.78,4700.0,4822.01,9866.89562175,47256315.4188,4789.38029046
2017-10-10,4761.67,4909.97,4700.0,4749.29,11666.0249624,56088789.3534,4807.87496462
2017-10-09,4597.97,4865.0,4541.0,4764.7,12923.6666168,60473207.2941,4679.26085432
2017-10-08,4422.72,4612.0,4404.5,4597.98,10083.8668493,45490443.5718,4511.21025811
2017-10-07,4356.09,4463.0,4312.82,4423.3,4646.40562117,20320065.236,4373.28698626
2017-10-06,4301.09,4425.0,4278.4,4362.95,8377.30164966,36552658.1455,4363.29735685
2017-10-05,4219.74,4358.97,4137.96,4301.09,8419.96284162,35912272.841,4265.13436182
2017-10-04,4315.73,4343.0,4170.07,4219.53,8518.99274917,36068254.94,4233.86379141
2017-10-03,4391.41,4425.0,4218.0,4315.83,12468.0572564,53551605.4793,4295.10423139
2017-10-02,4369.33,4453.0,4352.0,4391.48,8259.8186315,36293751.0114,4394.01306864
2017-10-01,4326.09,4377.22,4216.0,4377.22,7211.3351358,30871704.788,4280.99709785
2017-09-30,4162.04,4349.0,4154.28,4326.09,7496.78249925,32073448.8202,4278.29523177
2017-09-29,4183.47,4227.62,4022.02,4164.82,12191.9306513,50336312.6495,4128.65805172
2017-09-28,4202.34,4270.01,4123.5,4184.84,9625.92938226,40309035.7702,4187.54742212
2017-09-27,3883.95,4226.73,3870.0,4199.29,15075.8387166,61255648.5346,4063.16687821
2017-09-26,3920.66,3970.0,3850.61,3888.03,10014.6236712,39220959.7026,3916.36880128
2017-09-25,3667.01,3968.59,3658.39,3918.0,14979.7822629,57632408.0904,3847.34618161
2017-09-24,3781.13,3783.25,3615.0,3664.22,6508.72499023,24009707.8217,3688.84963765
2017-09-23,3611.91,3810.25,3552.0,3779.17,10123.2321355,37609099.7684,3715.12766525
2017-09-22,3607.83,3761.84,3514.0,3612.18,15007.7384495,54271184.8163,3616.21339544
2017-09-21,3864.0,3914.0,3573.0,3617.05,17904.2971721,67012342.1829,3742.80774827
2017-09-20,3888.8,4050.0,3820.56,3874.46,11660.2718133,45847238.8634,3931.91853479
2017-09-19,4102.0,4119.7,3848.35,3888.8,15278.9304404,60404491.5738,3953.45026338
2017-09-18,3662.95,4122.7,3659.42,4101.6,17207.5989244,67988469.4596,3951.07241623
2017-09-17,3669.07,3772.52,3463.0,3662.99,11770.2176505,42657776.5635,3624.21306302
2017-09-16,3699.89,3872.9,3500.0,3678.93,23158.2289107,84905914.7591,3666.33886756
2017-09-15,3227.79,3820.0,2972.01,3700.01,60278.9465418,203168385.983,3370.47008349
2017-09-14,3861.89,3921.74,3210.0,3227.79,41319.3971257,146101729.729,3535.91145787
2017-09-13,4170.6,4179.14,3720.01,3865.34,29636.3809631,115516897.117,3897.8071331
2017-09-12,4198.89,4377.65,4080.0,4172.56,13294.4376974,56268039.7928,4232.44977136
2017-09-11,4226.21,4353.49,4092.4,4207.31,11191.5950439,47148979.9818,4212.89188869
2017-09-10,4322.44,4322.44,4010.0,4226.22,14724.2041439,61040452.0474,4145.58582936
2017-09-09,4327.41,4379.78,4164.0,4308.72,9974.38823453,42689334.6235,4279.89502912
2017-09-08,4615.0,4679.97,4125.99,4312.0,23693.3016226,103569423.201,4371.25331247
2017-09-07,4605.81,4674.34,4475.0,4615.0,9254.85142692,42435328.9868,4585.19829539
2017-09-06,4397.38,4649.23,4356.42,4605.8,16634.1042053,75306805.3678,4527.25343296
2017-09-05,4282.53,4474.88,4001.93,4396.52,20884.2196935,88444473.1491,4234.99055493
2017-09-04,4603.68,4613.97,4058.5,4277.0,25069.12523,107792606.939,4299.81524882
2017-09-03,4599.9,4700.0,4385.0,4606.26,11224.9145563,51112034.9968,4553.44535056
2017-09-02,4921.71,4979.9,4488.5,4599.9,16977.7936223,79492706.8022,4682.15768025
2017-09-01,4734.26,4935.0,4671.09,4921.7,15367.5296974,73889667.5036,4808.1681935
2017-08-31,4573.15,4765.21,4566.66,4734.26,8911.41245939,41726210.489,4682.33410575
2017-08-30,4578.82,4642.22,4479.0,4573.2,8720.03503995,39800539.1574,4564.26367268
2017-08-29,4385.0,4649.78,4336.26,4578.82,11879.6428307,53491168.403,4502.7589773
2017-08-28,4329.91,4399.72,4169.01,4379.99,8641.0024459,37077203.3926,4290.84514497
2017-08-27,4333.38,4393.3,4290.32,4337.68,3979.12445283,17263967.2279,4338.63465006
2017-08-26,4348.17,4369.78,4232.43,4333.38,6559.66860375,28227915.2791,4303.25325626
2017-08-25,4308.8,4449.98,4270.0,4355.98,9699.61003374,42274063.3917,4358.32608163
2017-08-24,4121.78,4350.0,4082.57,4300.34,10782.6943674,45174068.6738,4189.49727542
2017-08-23,4078.0,4248.97,4051.94,4108.12,14979.4034815,62117291.5599,4146.84681114
2017-08-22,3987.51,4139.31,3600.0,4085.0,23522.7581664,91600325.718,3894.11501279
2017-08-21,4058.64,4080.0,3949.78,3987.52,9782.05659401,39203908.9572,4007.73687827
2017-08-20,4091.99,4125.95,4000.0,4058.68,6237.97289632,25289638.5965,4054.14371252
2017-08-19,4100.0,4188.0,3900.0,4099.55,15036.1840511,60604905.5767,4030.60413271
2017-08-18,4260.47,4368.0,3964.96,4100.0,17516.9933608,73224029.243,4180.17109072
2017-08-17,4361.99,4480.0,4167.21,4276.5,14573.1859291,63228604.1925,4338.69467529
2017-08-16,4154.99,4379.78,3926.06,4378.84,12923.6372805,54194325.8006,4193.42671294
2017-08-15,4320.95,4400.0,3800.0,4155.67,25515.7180144,104651369.054,4101.44715486
2017-08-14,4053.87,4329.43,3964.96,4306.23,14212.3042072,59836002.8147,4210.15494336
2017-08-13,3855.04,4190.0,3841.71,4053.87,15889.8297885,63672103.4491,4007.09789195
2017-08-12,3651.74,3934.0,3586.95,3855.1,12351.0746614,46799798.3995,3789.12764131
2017-08-11,3410.0,3705.0,3390.67,3645.06,11927.3733342,41888022.2556,3511.92346226
2017-08-10,3342.99,3448.0,3311.17,3413.03,9031.12128021,30658440.5086,3394.75459994
2017-08-09,3408.46,3423.1,3178.72,3342.99,14286.8441382,47356464.3976,3314.69035004
2017-08-08,3387.54,3490.0,3300.0,3412.41,15835.3702078,54054824.2542,3413.54976517
2017-08-07,3216.78,3430.0,3186.0,3387.55,12046.117265,40225852.0019,3339.32097098
2017-08-06,3263.51,3296.51,3146.1,3222.75,5998.73578852,19412655.9685,3236.12451905
2017-08-05,2851.01,3339.66,2848.32,3263.62,16996.2731009,53861926.0262,3169.04333711
2017-08-04,2793.34,2877.52,2765.91,2855.0,7635.8216719,21650087.6398,2835.33175211
2017-08-03,2703.51,2807.44,2698.83,2793.37,7963.69799924,21938303.9976,2754.78854166
2017-08-02,2732.0,2760.0,2650.0,2703.51,9486.62552563,25701106.0977,2709.19369888
2017-08-01,2855.81,2929.17,2615.0,2731.0,12525.0766911,34322796.5568,2740.32625933
2017-07-31,2745.76,2889.99,2680.01,2855.81,11114.3355422,30777296.2133,2769.15305431
2017-07-30,2681.6,2774.45,2569.69,2742.37,9678.16126067,25848893.0751,2670.84752764
2017-07-29,2777.01,2785.65,2631.78,2680.56,10782.2175368,29159800.9549,2704.4344872
2017-07-28,2666.33,2825.0,2655.82,2777.01,14069.5014921,38675840.6215,2748.91336008
2017-07-27,2524.99,2695.0,2509.63,2666.33,11826.4751995,30470923.8633,2576.50088884
2017-07-26,2564.74,2608.96,2400.0,2524.99,17713.6744658,44091449.2061,2489.11931238
2017-07-25,2759.95,2775.79,2450.0,2564.82,21326.5478389,55120720.8961,2584.60587774
2017-07-24,2756.8,2800.0,2701.0,2759.98,10001.9150661,27562701.0217,2755.74235929
2017-07-23,2824.82,2855.0,2640.0,2749.02,11001.9646007,30310788.7443,2755.03420021
2017-07-22,2667.01,2882.0,2644.59,2832.71,12819.631348,35805144.4115,2792.99329594
2017-07-21,2880.0,2887.45,2611.39,2670.0,20724.1605034,56456355.3376,2724.1805683
2017-07-20,2265.51,2938.0,2265.51,2875.03,30989.8911253,80388738.2266,2594.03099874
2017-07-19,2308.82,2402.5,2223.0,2265.21,17009.8834959,39248446.8642,2307.3906928
2017-07-18,2226.0,2392.0,2164.0,2303.71,25204.4896025,57683997.0658,2288.63976123
2017-07-17,1917.72,2229.97,1910.57,2226.0,26448.5014025,55057438.3526,2081.68461096
2017-07-16,1970.51,2044.44,1830.0,1917.63,25562.7056446,49010482.2342,1917.26505463
2017-07-15,2209.44,2219.99,1967.65,1970.51,19886.6795232,40927009.3695,2058.01120905
2017-07-14,2340.0,2357.84,2140.0,2213.37,12659.0170436,28326253.1148,2237.63448752
2017-07-13,2383.97,2425.16,2312.93,2339.99,8429.85040306,19957908.676,2367.52821482
2017-07-12,2301.55,2408.84,2239.54,2388.0,12883.5549381,30256255.5717,2348.43998548
2017-07-11,2326.12,2399.0,2242.62,2305.98,17580.9616353,41145883.9417,2340.36594785
2017-07-10,2504.0,2527.88,2261.85,2323.45,17296.3404527,41650843.7716,2408.07261429
2017-07-09,2550.13,2564.65,2500.5,2502.28,4483.14413363,11362427.9698,2534.47750755
2017-07-08,2501.46,2555.0,2462.0,2550.07,5405.89088691,13584489.5168,2512.90486637
2017-07-07,2599.01,2605.0,2475.0,2501.46,9430.6154578,23870564.3605,2531.17778658
2017-07-06,2598.37,2614.0,2522.0,2600.39,8333.98094907,21529601.7109,2583.35144302
2017-07-05,2594.52,2623.0,2530.1,2602.9,10882.8390107,27950344.701,2568.29533851
2017-07-04,2540.07,2639.47,2540.07,2596.12,9662.75941445,25107482.8802,2598.37607492
2017-07-03,2504.81,2595.0,2472.68,2550.47,11520.707308,29213705.7379,2535.75626538
2017-07-02,2421.3,2528.72,2374.34,2504.37,8744.53441127,21386273.6839,2445.67322605
2017-07-01,2465.48,2517.11,2390.0,2412.41,8885.89349655,21750491.237,2447.75511269
2017-06-30,2538.41,2564.58,2451.0,2465.49,8715.71676156,21948643.0308,2518.28319245
2017-06-29,2550.99,2594.78,2500.31,2541.59,8125.37763725,20771078.3353,2556.32159668
2017-06-28,2565.0,2593.0,2468.01,2559.9,12274.5453035,31106035.7674,2534.19047291
2017-06-27,2421.21,2565.0,2291.0,2565.0,19129.5965076,45774590.046,2392.86751437
2017-06-26,2502.26,2550.03,2315.01,2421.22,22094.2115107,54096000.6527,2448.42413256
2017-06-25,2557.66,2635.72,2432.0,2502.03,10339.5743741,26249953.8896,2538.78476422
2017-06-24,2685.05,2724.96,2512.13,2557.66,13342.8178558,34944802.7273,2618.9972092
2017-06-23,2713.48,2745.0,2657.46,2685.05,8232.48064925,22348019.565,2714.61549892
2017-06-22,2658.67,2740.0,2594.61,2713.48,10792.7876464,28955845.8582,2682.88849988
2017-06-21,2734.03,2789.0,2611.0,2657.04,15676.3235263,42304860.3098,2698.64679936
2017-06-20,2598.0,2783.0,2581.0,2740.0,15891.6994882,42538164.7421,2676.75365834
2017-06-19,2516.98,2598.0,2480.96,2598.0,10570.672525,27011860.5064,2555.35874775
2017-06-18,2630.06,2665.0,2460.62,2516.98,9424.23118056,24023680.6646,2549.13957482
2017-06-17,2484.68,2674.4,2420.53,2630.0,11142.9851856,28569796.4066,2563.92662566
2017-06-16,2424.96,2540.0,2307.66,2484.68,13802.3932998,33831741.3431,2451.15036271
2017-06-15,2451.42,2516.2,2120.0,2424.91,36751.0913082,84952914.5602,2311.57529032
2017-06-14,2705.99,2801.0,2320.0,2450.0,29478.8202839,76114991.857,2582.02299562
2017-06-13,2656.97,2783.62,2638.62,2703.02,16275.8344125,44217458.2013,2716.75522622
2017-06-12,2954.23,2980.0,2480.03,2667.06,31534.9460555,85799286.223,2720.76844755
2017-06-11,2899.01,2967.46,2861.53,2954.22,6830.60683981,19889995.6813,2911.89291783
2017-06-10,2818.0,2912.98,2800.0,2899.99,9593.36119146,27434766.1166,2859.76578689
2017-06-09,2805.46,2868.23,2780.43,2822.32,8036.31356941,22701156.2423,2824.82210858
2017-06-08,2680.24,2815.0,2613.13,2806.0,13251.4054491,36430027.3017,2749.14441654
2017-06-07,2875.71,2893.28,2612.5,2683.03,16967.0435357,47205426.4401,2782.18337453
2017-06-06,2698.0,2933.0,2689.4,2880.74,26695.6708176,75249106.7769,2818.77564685
2017-06-05,2530.27,2699.35,2525.28,2698.0,12221.444806,31919212.3172,2611.73804111
2017-06-04,2538.1,2569.0,2460.0,2530.27,8828.62494281,22263365.0539,2521.72509288
2017-06-03,2488.94,2584.34,2445.0,2540.94,10810.5846892,27295110.6448,2524.85054503
2017-06-02,2413.58,2489.0,2370.03,2488.94,12428.7005943,30186115.4552,2428.74266913
2017-06-01,2298.01,2456.39,2296.81,2413.63,18401.6636012,43990417.8713,2390.56744132
2017-05-31,2201.7,2334.0,2154.28,2298.01,16279.2924315,36862481.1261,2264.37858286
2017-05-30,2290.18,2339.08,2160.0,2203.51,13888.850973,31434633.5759,2263.29979615
2017-05-29,2172.54,2350.0,2110.0,2292.1,12129.2780859,27376000.7138,2257.01814403
2017-05-28,2042.89,2313.96,2041.48,2178.81,15375.2181261,33655092.7193,2188.91806564
2017-05-27,2280.7,2339.94,1850.0,2042.0,26216.2751269,54113571.7812,2064.12129562
2017-05-26,2277.01,2599.12,2060.0,2279.82,28326.8220144,66466402.5824,2346.41226427
2017-05-25,2420.29,2760.1,2221.0,2292.53,32964.7614259,83028907.0488,2518.71706202
2017-05-24,2265.9,2481.75,2264.64,2420.29,22144.5982011,52782234.6848,2383.52641152
2017-05-23,2088.76,2275.0,2088.45,2264.23,14138.9196683,31139771.5235,2202.41519536
2017-05-22,2017.55,2230.34,2001.0,2099.97,16338.5354063,34535101.5331,2113.72076347
2017-05-21,2013.99,2063.11,1961.52,2017.55,6755.83436855,13647083.7418,2020.044157
2017-05-20,1959.09,2021.0,1914.0,2013.99,12309.9474735,24248476.4862,1969.82777857
2017-05-19,1879.0,1969.99,1874.99,1958.0,14124.6183149,27218796.9176,1927.0465446
2017-05-18,1779.0,1881.8,1766.33,1878.99,11916.1233907,21766168.1252,1826.61486555
2017-05-17,1700.01,1840.42,1670.01,1782.99,17797.3185241,31598676.8747,1775.47403177
2017-05-16,1706.07,1750.0,1641.22,1700.01,16554.0885802,28255380.0189,1706.85204939
2017-05-15,1782.3,1784.0,1682.56,1705.48,13316.8021781,22951575.7929,1723.50504917
2017-05-14,1776.8,1815.0,1753.0,1784.0,4816.73208815,8585557.3932,1782.44445323
2017-05-13,1690.33,1785.82,1601.46,1776.89,10532.2345134,17797259.4555,1689.78951549
2017-05-12,1830.85,1832.0,1650.0,1691.51,17062.8446277,29856372.5419,1749.78868959
2017-05-11,1774.52,1892.0,1745.01,1828.45,14740.2193264,26997283.1085,1831.53876552
2017-05-10,1720.26,1794.21,1682.0,1772.58,11265.3786383,19697560.663,1748.50409342
2017-05-09,1649.55,1760.4,1616.05,1720.28,16807.7332323,28741490.6425,1710.01587456
2017-05-08,1554.38,1653.97,1554.38,1649.54,19262.3535263,30652223.0569,1591.30207091
2017-05-07,1554.04,1565.0,1525.0,1554.01,7667.78585113,11809645.3343,1540.16368788
2017-05-06,1515.39,1578.97,1505.0,1558.02,7901.1428401,12179087.2645,1541.43362688
2017-05-05,1537.36,1609.0,1495.0,1514.9,15603.6843662,24257672.4976,1554.6118422
2017-05-04,1503.25,1623.01,1444.94,1537.23,19548.5297367,30115422.5808,1540.5466798
2017-05-03,1447.75,1516.04,1431.02,1503.22,11077.5894872,16380266.8432,1478.6851293
2017-05-02,1390.86,1481.73,1388.0,1447.75,8920.68985793,12836209.7667,1438.92568525
2017-05-01,1348.88,1425.0,1341.22,1390.86,8604.41493207,11923132.2236,1385.69935525
2017-04-30,1336.77,1356.0,1315.68,1350.21,3536.1758111,4718587.8143,1334.37590956
2017-04-29,1333.93,1342.8,1316.0,1333.0,3927.45061482,5226089.44667,1330.65694752
2017-04-28,1331.0,1347.02,1299.0,1330.7,8234.2755437,10882526.4003,1321.61309669
2017-04-27,1287.92,1342.02,1285.0,1331.53,6669.98746832,8810060.90602,1320.85119318
2017-04-26,1271.4,1330.0,1265.0,1287.99,8707.63904245,11266221.1625,1293.83189951
2017-04-25,1253.57,1280.0,1251.07,1269.0,5249.77353318,6651231.26536,1266.95584549
2017-04-24,1242.0,1254.0,1234.0,1253.58,3048.68890003,3788507.31897,1242.66773134
2017-04-23,1231.85,1248.99,1223.42,1241.99,2604.72196524,3219987.14271,1236.21145968
2017-04-22,1243.6,1247.15,1199.0,1233.2,4173.28321472,5126960.21473,1228.51959739
2017-04-21,1234.93,1252.32,1231.65,1243.61,5023.0385204,6236859.58189,1241.65075712
2017-04-20,1203.98,1243.88,1201.66,1234.19,5972.93539154,7302307.33493,1222.56593387
2017-04-19,1202.59,1209.99,1190.0,1203.98,6046.51943656,7247878.76326,1198.6860936
2017-04-18,1176.59,1210.0,1175.95,1202.58,5514.18240451,6636782.79318,1203.5841955
2017-04-17,1162.31,1192.5,1161.0,1176.54,3568.82507477,4210491.80989,1179.79775463
2017-04-16,1171.0,1179.3,1150.0,1162.31,2663.99028304,3094769.46377,1161.70448649
2017-04-15,1169.53,1192.5,1165.0,1173.45,1804.4507968,2128067.8193,1179.34377766
2017-04-14,1172.56,1193.0,1142.0,1170.34,8982.76789635,10475652.876,1166.19431749
2017-04-13,1212.16,1219.45,1141.0,1172.91,7135.3029565,8410788.79182,1178.75706793
2017-04-12,1218.99,1224.57,1208.0,1212.17,3475.19462571,4224875.80271,1215.72350839
2017-04-11,1209.99,1229.0,1198.02,1218.99,3487.75310814,4229830.76308,1212.76668157
2017-04-10,1205.2,1219.71,1195.0,1209.25,3656.81631296,4416613.86693,1207.77569584
2017-04-09,1184.05,1216.87,1173.98,1206.2,4817.42424874,5764973.9073,1196.69217607
2017-04-08,1190.66,1197.3,1166.66,1184.03,2720.79822734,3224244.36142,1185.03618865
2017-04-07,1190.72,1202.0,1176.0,1190.66,5450.27271426,6486716.49642,1190.16365538
2017-04-06,1134.86,1201.37,1134.36,1190.85,9134.29559762,10690571.4343,1170.3772141
2017-04-05,1143.0,1145.0,1111.0,1134.58,5588.97640824,6299621.44774,1127.15119685
2017-04-04,1146.42,1162.93,1118.85,1143.0,7420.8662382,8471842.70357,1141.6244993
2017-04-03,1076.59,1152.0,1076.19,1144.77,11076.8627306,12487637.6295,1127.36231668
2017-04-02,1083.95,1100.0,1066.49,1078.01,7639.89621671,8274688.32292,1083.08910072
2017-04-01,1071.34,1097.0,1061.64,1083.94,5209.12836262,5617315.77457,1078.36002178
2017-03-31,1033.79,1081.0,1031.43,1070.31,12058.7880946,12711331.6219,1054.11352469
2017-03-30,1037.29,1050.17,1017.14,1033.7,8645.37787081,8919386.17864,1031.69419682
2017-03-29,1042.83,1059.43,1008.16,1035.96,9379.71932021,9675900.39778,1031.57675272
2017-03-28,1039.09,1068.26,1014.9,1043.99,9115.51712488,9538479.5453,1046.40026612
2017-03-27,959.08,1043.0,952.95,1039.92,8687.08711524,8753826.09167,1007.68254946
2017-03-26,956.02,997.0,937.52,960.0,9012.91765111,8743359.97321,970.092073584
2017-03-25,928.1,963.36,891.33,956.02,13507.4354209,12469646.9467,923.169095995
2017-03-24,1030.84,1032.0,920.0,929.06,16072.4170833,15697051.6813,976.645367026
2017-03-23,1037.6,1054.4,1010.69,1029.65,5916.99539286,6134595.7528,1036.7754824
2017-03-22,1114.39,1114.39,988.0,1037.56,14521.2563566,15061002.6279,1037.1693921
2017-03-21,1036.23,1117.9,1034.92,1114.39,11125.4953951,12068049.7199,1084.72021167
2017-03-20,1012.88,1053.0,1010.01,1035.96,7497.91103414,7764665.80857,1035.57721254
2017-03-19,969.4,1063.7,969.4,1017.97,12201.8614116,12333561.0075,1010.79340205
2017-03-18,1068.16,1099.0,944.36,969.4,21292.6043085,21545879.4107,1011.89497999
2017-03-17,1172.0,1173.23,1063.0,1071.02,16704.5732203,18711161.7932,1120.12210946
2017-03-16,1258.75,1258.96,1130.0,1172.62,15246.5527602,18265147.5609,1197.98539697
2017-03-15,1245.82,1260.0,1238.32,1257.32,3930.50022526,4920843.35598,1251.96363668
2017-03-14,1242.46,1260.0,1226.5,1245.86,5745.49650884,7156458.54737,1245.57704219
2017-03-13,1226.42,1249.02,1215.43,1242.46,5637.36296266,6963555.13551,1235.25044984
2017-03-12,1176.58,1241.85,1170.9,1226.62,5793.90851583,7003314.4062,1208.73748473
2017-03-11,1111.55,1198.0,1106.51,1176.55,7346.7869927,8529224.30265,1160.94618112
2017-03-10,1190.99,1350.0,975.0,1116.97,33467.943558,38830456.2918,1160.22833087
2017-03-09,1149.34,1208.0,1135.01,1190.89,7654.73834924,9019820.31778,1178.3316302
2017-03-08,1233.86,1245.49,1145.5,1150.05,13399.4382092,15905595.4481,1187.03450099
2017-03-07,1278.49,1281.62,1175.97,1233.05,14450.0379368,17887749.609,1237.90329736
2017-03-06,1269.98,1285.0,1251.0,1278.49,4249.64793811,5420772.93281,1275.58165094
2017-03-05,1260.0,1275.0,1240.0,1273.0,3026.01739466,3809526.43553,1258.92416952
2017-03-04,1287.38,1289.55,1230.0,1260.0,4951.23210502,6237601.90255,1259.80801753
2017-03-03,1256.32,1298.0,1255.0,1285.33,7545.47720312,9615648.42026,1274.35921697
2017-03-02,1228.0,1283.25,1215.0,1257.6,7762.73243908,9679539.50556,1246.92427332
2017-03-01,1191.16,1231.0,1188.3,1226.39,6013.0658229,7276140.32797,1210.05499395
2017-02-28,1194.64,1209.99,1176.27,1191.21,7562.47409479,9017082.51467,1192.3455739
2017-02-27,1180.46,1197.99,1169.0,1194.64,4640.77358977,5511306.89707,1187.58366261
2017-02-26,1152.11,1184.97,1133.0,1179.05,3536.48621434,4127618.08321,1167.15231816
2017-02-25,1180.05,1184.73,1127.0,1152.2,6238.43763039,7226444.76956,1158.37413111
2017-02-24,1183.53,1220.0,1091.1,1180.14,19598.2310258,23023500.2032,1174.77440556
2017-02-23,1130.02,1193.92,1120.73,1188.11,11753.2385602,13558056.0275,1153.55916228
2017-02-22,1124.83,1143.0,1098.16,1130.01,11673.0892657,13146726.039,1126.24222601
2017-02-21,1084.0,1126.86,1077.0,1124.62,8395.47371599,9273663.17745,1104.60272894
2017-02-20,1051.8,1089.99,1044.39,1084.0,3664.37368596,3902660.35374,1065.0279388
2017-02-19,1056.4,1061.9,1039.07,1051.8,2270.8499116,2388775.4121,1051.93011652
2017-02-18,1055.75,1068.99,1046.14,1056.4,4474.94930623,4745831.61165,1060.53304448
2017-02-17,1032.91,1064.99,1031.98,1055.46,6085.02260605,6386285.1609,1049.50886371
2017-02-16,1011.53,1043.21,1010.75,1032.7,5996.10412989,6170238.8589,1029.0413117
2017-02-15,1008.88,1013.8,1000.97,1011.53,3095.66000003,3123812.21502,1009.0940914
2017-02-14,1000.74,1019.0,987.97,1008.88,6761.10806309,6806110.34205,1006.65605083
2017-02-13,1000.73,1007.89,975.1,1000.79,4547.26036851,4522130.77969,994.473685959
2017-02-12,1011.01,1011.97,991.98,1000.73,2683.99735828,2690265.36983,1002.33532702
2017-02-11,995.49,1020.0,987.62,1012.4,4472.51261675,4509154.72642,1008.19273478
2017-02-10,985.71,1010.68,950.0,996.08,10731.290069,10491584.3702,977.662918688
2017-02-09,1051.73,1074.69,913.73,986.0,25150.070164,25064862.0643,996.612013441
2017-02-08,1052.48,1070.0,1025.0,1050.4,9633.26465194,10072826.835,1045.62961768
2017-02-07,1024.0,1056.25,1021.3,1052.48,5372.1326253,5605838.10668,1043.50329705
2017-02-06,1010.03,1031.94,1005.1,1023.99,5080.84835472,5188721.52258,1021.23132995
2017-02-05,1033.72,1034.6,1004.7,1011.07,4348.17045024,4417546.50579,1015.95522907
2017-02-04,1015.06,1044.23,1004.0,1033.18,5752.28733969,5884560.60284,1022.99489844
2017-02-03,1009.15,1022.64,987.01,1016.99,10928.0242213,11029881.3044,1009.32072267
2017-02-02,983.79,1011.65,973.12,1009.17,8269.68053649,8222686.79034,994.317344432
2017-02-01,963.99,986.96,962.0,983.67,6954.39947163,6748543.96725,970.399240766
2017-01-31,919.99,970.0,917.5,963.99,9507.10183224,9024041.55024,949.189533202
2017-01-30,913.12,923.0,910.0,919.99,3121.18754443,2865063.7274,917.940266842
2017-01-29,918.6,919.99,910.45,912.01,1349.01480033,1234746.08175,915.294688724
2017-01-28,918.02,920.99,913.08,918.6,1175.86352983,1078884.52226,917.525286641
2017-01-27,914.95,924.88,908.01,918.02,4830.53516221,4433746.38119,917.85821494
2017-01-26,893.25,919.49,892.86,914.83,5164.8970199,4688102.25271,907.685522992
2017-01-25,885.47,904.01,884.5,893.43,5291.55474211,4725942.37301,893.110362328
2017-01-24,913.15,923.0,881.48,885.47,9405.046565,8495975.45753,903.342200255
2017-01-23,923.75,927.57,913.21,913.52,3514.74142946,3234454.30326,920.253841762
2017-01-22,921.98,937.74,886.76,923.76,7166.6654789,6569177.19246,916.62952761
2017-01-21,895.81,928.0,895.0,921.98,5865.63203056,5373391.08422,916.080493326
2017-01-20,902.23,902.43,880.0,895.8,6618.62776406,5915865.4867,893.820546734
2017-01-19,887.69,910.0,878.89,901.01,11094.6032976,9929647.20053,894.997949379
2017-01-18,905.95,915.99,851.74,887.7,11181.8988785,9830117.65379,879.109868604
2017-01-17,831.76,908.5,827.0,905.99,12264.1693846,10775497.8647,878.616197054
2017-01-16,821.86,835.0,818.09,831.81,6166.04397741,5107031.21218,828.250857583
2017-01-15,819.52,823.45,808.0,821.86,4231.46390349,3455365.8712,816.588762191
2017-01-14,825.98,837.76,810.0,818.27,6614.71899162,5470214.99177,826.976172185
2017-01-13,807.51,831.4,775.0,825.86,11409.52033,9224729.89012,808.511630927
2017-01-12,778.7,832.99,751.34,807.47,17400.1415546,13632251.4431,783.456352945
2017-01-11,905.24,918.4,755.0,778.62,35893.7683679,29459968.9011,820.754416173
2017-01-10,896.09,912.47,889.41,905.05,8535.5216881,7704271.19995,902.612808153
2017-01-09,909.8,912.87,875.0,896.23,8716.18294096,7780059.0628,892.599331094
2017-01-08,906.2,941.81,881.3,909.75,8937.49270783,8168170.34818,913.921903514
2017-01-07,894.02,907.05,812.28,906.2,20401.113591,17624310.0238,863.889608041
2017-01-06,1004.73,1026.99,871.0,893.89,27916.7030989,25523261.2784,914.264882497
2017-01-05,1114.38,1136.72,885.41,1004.74,36018.8611199,36211399.5269,1005.34548848
2017-01-04,1035.51,1139.89,1028.56,1114.92,21562.456972,23469644.9606,1088.44947453
2017-01-03,1011.44,1039.0,999.99,1035.24,9089.65802529,9276500.30587,1020.55547965
2017-01-02,997.75,1032.0,990.01,1012.54,8167.38103018,8273576.98525,1013.00244897
2017-01-01,966.34,1005.0,960.53,997.75,6850.59330859,6764742.05545,987.468055791
